{
  "last_name": [0.389, 0.190, 0.873, 0.225],
  "first_name": [0.388, 0.243, 0.874, 0.278],
  "patronymic": [
    0.3902439024390244,
    0.30388535375323555,
    0.8853658536585366,
    0.3280441113028473
  ],
  "birth_date": [
    0.3853658536585366,
    0.353065681622088,
    0.5414634146341464,
    0.3806756902502157
  ],
  "iin": [0.183, 0.407, 0.404, 0.438],
  "birth_place": [
    0.31097560975609756,
    0.536844801553063,
    0.8914634146341464,
    0.5601407463330458
  ],
  "nationality": [
    0.3073170731707317,
    0.5756713761863675,
    0.8512195121951219,
    0.5972416954270923
  ],
  "document_number": [
    0.7207317073170731,
    0.48248759706643657,
    0.8902439024390244,
    0.5135488567730803
  ],
  "issued_by": [
    0.31097560975609756,
    0.6101838869715271,
    0.9219512195121952,
    0.6352054572907679
  ],
  "issue_date": [
    0.3073170731707317,
    0.6464220232959448,
    0.4548780487804878,
    0.6671295297670405
  ],
  "expiry_date": [
    0.47073170731707314,
    0.6464220232959448,
    0.6695121951219513,
    0.6714435936151855
  ],
  "photo": [0.105, 0.163, 0.357, 0.391]
}
